{"step": 255, "dead_fraction/0": 0.0, "reconstruction_loss/0": 66.32058715820312, "sparsity_loss/0": 98.14308166503906, "auxiliary_loss/0": 69.1259994506836, "l1/0": 354.2684631347656, "l0/0": 913.308837890625, "dead_fraction/1": 0.0, "reconstruction_loss/1": 63.841285705566406, "sparsity_loss/1": 94.39290618896484, "auxiliary_loss/1": 65.96163177490234, "l1/1": 342.09234619140625, "l0/1": 895.0498046875, "dead_fraction/2": 0.0, "reconstruction_loss/2": 61.87914276123047, "sparsity_loss/2": 89.11267852783203, "auxiliary_loss/2": 63.22077178955078, "l1/2": 323.73419189453125, "l0/2": 865.8876953125, "dead_fraction/3": 0.0, "reconstruction_loss/3": 60.36720275878906, "sparsity_loss/3": 75.27655029296875, "auxiliary_loss/3": 60.95880126953125, "l1/3": 276.2214660644531, "l0/3": 783.45654296875, "patch_loss/0": 0.8095954441477711, "patch_loss/1": 0.8095954441477711, "patch_loss/2": 0.8095954441477711, "patch_loss/3": 0.8095954441477711, "_timestamp": 1715037441.7535186, "_runtime": 31.093076467514038, "_step": 255, "_wandb": {"runtime": 44}}