{"step": 2833, "dead_fraction/0": 0.0, "reconstruction_loss/0": 65.74006652832031, "sparsity_loss/0": 61.26168441772461, "auxiliary_loss/0": 0.0, "l1/0": 61.261688232421875, "l0/0": 218.7333984375, "dead_fraction/1": 0.0, "reconstruction_loss/1": 109.04350280761719, "sparsity_loss/1": 25.480945587158203, "auxiliary_loss/1": 0.0, "l1/1": 25.48094367980957, "l0/1": 66.084228515625, "dead_fraction/2": 0.1181640625, "reconstruction_loss/2": 163.35244750976562, "sparsity_loss/2": 8.004438400268555, "auxiliary_loss/2": 0.0, "l1/2": 8.004438400268555, "l0/2": 10.63134765625, "dead_fraction/3": 0.86474609375, "reconstruction_loss/3": 226.94625854492188, "sparsity_loss/3": 0.6046305894851685, "auxiliary_loss/3": 0.0, "l1/3": 0.6046305298805237, "l0/3": 0.75, "patch_loss/0": 1.3473305407057836, "patch_loss/1": 1.3473305407057836, "patch_loss/2": 1.3473305407057836, "patch_loss/3": 1.3473305407057836, "_timestamp": 1715039962.3548055, "_runtime": 266.5508804321289, "_step": 2833, "_wandb": {"runtime": 265}}