{"step": 2594, "dead_fraction/0": 0.0, "reconstruction_loss/0": 67.94837951660156, "sparsity_loss/0": 65.09134674072266, "auxiliary_loss/0": 0.0, "l1/0": 65.09134674072266, "l0/0": 239.97314453125, "dead_fraction/1": 0.0, "reconstruction_loss/1": 115.33262634277344, "sparsity_loss/1": 26.943893432617188, "auxiliary_loss/1": 0.0, "l1/1": 26.943893432617188, "l0/1": 77.221435546875, "dead_fraction/2": 0.09716796875, "reconstruction_loss/2": 176.59591674804688, "sparsity_loss/2": 7.6978654861450195, "auxiliary_loss/2": 0.0, "l1/2": 7.6978654861450195, "l0/2": 12.2333984375, "dead_fraction/3": 0.85205078125, "reconstruction_loss/3": 233.1539306640625, "sparsity_loss/3": 0.6543601751327515, "auxiliary_loss/3": 0.0, "l1/3": 0.6543601751327515, "l0/3": 0.996337890625, "patch_loss/0": 2.49054741773113, "patch_loss/1": 2.49054741773113, "patch_loss/2": 2.49054741773113, "patch_loss/3": 2.49054741773113, "_timestamp": 1715039679.5629194, "_runtime": 246.89526438713074, "_step": 2594, "_wandb": {"runtime": 255}}