{"step": 604, "dead_fraction/0": 0.0, "reconstruction_loss/0": 9.73172664642334, "sparsity_loss/0": 76.10453033447266, "auxiliary_loss/0": 9.873435974121094, "l1/0": 108.77674865722656, "l0/0": 511.9306640625, "dead_fraction/1": 0.0, "reconstruction_loss/1": 9.988821029663086, "sparsity_loss/1": 72.73197937011719, "auxiliary_loss/1": 10.132190704345703, "l1/1": 103.67280578613281, "l0/1": 502.7841796875, "dead_fraction/2": 0.0, "reconstruction_loss/2": 9.79846477508545, "sparsity_loss/2": 70.71443939208984, "auxiliary_loss/2": 9.95022964477539, "l1/2": 102.18022918701172, "l0/2": 495.85693359375, "dead_fraction/3": 0.0, "reconstruction_loss/3": 9.985797882080078, "sparsity_loss/3": 66.4593276977539, "auxiliary_loss/3": 10.167394638061523, "l1/3": 96.72650909423828, "l0/3": 477.79541015625, "dead_fraction/4": 0.0, "reconstruction_loss/4": 10.430431365966797, "sparsity_loss/4": 60.27421951293945, "auxiliary_loss/4": 10.73570442199707, "l1/4": 88.94523620605469, "l0/4": 443.91455078125, "dead_fraction/5": 0.0, "reconstruction_loss/5": 11.570940971374512, "sparsity_loss/5": 52.45697021484375, "auxiliary_loss/5": 12.204329490661621, "l1/5": 78.75175476074219, "l0/5": 392.857666015625, "dead_fraction/6": 0.0, "reconstruction_loss/6": 13.038043975830078, "sparsity_loss/6": 41.350101470947266, "auxiliary_loss/6": 14.569095611572266, "l1/6": 64.54917907714844, "l0/6": 320.758544921875, "dead_fraction/7": 0.0, "reconstruction_loss/7": 16.134483337402344, "sparsity_loss/7": 28.625171661376953, "auxiliary_loss/7": 19.401145935058594, "l1/7": 47.42635726928711, "l0/7": 227.213623046875, "_timestamp": 1715027813.4269652, "_runtime": 64.84092235565186, "_step": 604}