{"step": 1599, "dead_fraction/0": 0.0, "reconstruction_loss/0": 40.02992630004883, "sparsity_loss/0": 117.80171203613281, "auxiliary_loss/0": 63.38653564453125, "l1/0": 171.448974609375, "l0/0": 485.102783203125, "dead_fraction/1": 0.0, "reconstruction_loss/1": 78.05598449707031, "sparsity_loss/1": 63.01140594482422, "auxiliary_loss/1": 114.46412658691406, "l1/1": 93.69912719726562, "l0/1": 258.463623046875, "dead_fraction/2": 0.0, "reconstruction_loss/2": 164.08506774902344, "sparsity_loss/2": 20.560626983642578, "auxiliary_loss/2": 186.42971801757812, "l1/2": 30.346153259277344, "l0/2": 89.6953125, "dead_fraction/3": 0.0, "reconstruction_loss/3": 244.67025756835938, "sparsity_loss/3": 0.9416358470916748, "auxiliary_loss/3": 245.690673828125, "l1/3": 1.4730851650238037, "l0/3": 6.84375, "patch_loss/0": 2.49054741773113, "patch_loss/1": 2.49054741773113, "patch_loss/2": 2.49054741773113, "patch_loss/3": 2.49054741773113, "_timestamp": 1715038825.6514676, "_runtime": 162.39481949806213, "_step": 1599, "_wandb": {"runtime": 162}}