{"step": 895, "dead_fraction/0": 0.0, "reconstruction_loss/0": 46.429443359375, "sparsity_loss/0": 143.22677612304688, "auxiliary_loss/0": 54.61874008178711, "l1/0": 186.4829864501953, "l0/0": 591.135986328125, "dead_fraction/1": 0.0, "reconstruction_loss/1": 88.62655639648438, "sparsity_loss/1": 79.05268096923828, "auxiliary_loss/1": 104.63365936279297, "l1/1": 106.61674499511719, "l0/1": 358.424072265625, "dead_fraction/2": 0.0, "reconstruction_loss/2": 172.82015991210938, "sparsity_loss/2": 24.620830535888672, "auxiliary_loss/2": 185.627685546875, "l1/2": 34.89778137207031, "l0/2": 133.8271484375, "dead_fraction/3": 0.0, "reconstruction_loss/3": 233.26400756835938, "sparsity_loss/3": 3.176091194152832, "auxiliary_loss/3": 235.86810302734375, "l1/3": 4.781554222106934, "l0/3": 23.294189453125, "patch_loss/0": 2.49054741773113, "patch_loss/1": 2.49054741773113, "patch_loss/2": 2.49054741773113, "patch_loss/3": 2.49054741773113, "_timestamp": 1715039179.6596098, "_runtime": 92.39339876174927, "_step": 895, "_wandb": {"runtime": 91}}