{"step": 3275, "dead_fraction/0": 0.0, "reconstruction_loss/0": 2.3669023513793945, "sparsity_loss/0": 943.8135986328125, "auxiliary_loss/0": 2.6549952030181885, "l1/0": 1241.4603271484375, "l0/0": 1762.084228515625, "dead_fraction/1": 0.0, "reconstruction_loss/1": 3.804802894592285, "sparsity_loss/1": 792.6766967773438, "auxiliary_loss/1": 4.400727272033691, "l1/1": 1053.70751953125, "l0/1": 1697.10009765625, "dead_fraction/2": 0.0, "reconstruction_loss/2": 6.840392589569092, "sparsity_loss/2": 613.4384765625, "auxiliary_loss/2": 8.271940231323242, "l1/2": 835.59033203125, "l0/2": 1570.834228515625, "dead_fraction/3": 0.0, "reconstruction_loss/3": 10.867826461791992, "sparsity_loss/3": 485.1810302734375, "auxiliary_loss/3": 13.641233444213867, "l1/3": 678.398193359375, "l0/3": 1409.17041015625, "dead_fraction/4": 0.0, "reconstruction_loss/4": 17.339641571044922, "sparsity_loss/4": 371.16015625, "auxiliary_loss/4": 23.157808303833008, "l1/4": 531.4906005859375, "l0/4": 1167.083984375, "dead_fraction/5": 0.0, "reconstruction_loss/5": 23.816417694091797, "sparsity_loss/5": 295.73406982421875, "auxiliary_loss/5": 36.326271057128906, "l1/5": 440.324951171875, "l0/5": 959.924560546875, "dead_fraction/6": 0.0, "reconstruction_loss/6": 29.76560401916504, "sparsity_loss/6": 233.5955047607422, "auxiliary_loss/6": 57.67939758300781, "l1/6": 373.0265808105469, "l0/6": 790.270751953125, "dead_fraction/7": 0.0, "reconstruction_loss/7": 46.312644958496094, "sparsity_loss/7": 159.32681274414062, "auxiliary_loss/7": 105.4201889038086, "l1/7": 266.21661376953125, "l0/7": 539.0556640625, "patch_loss/0": {"_type": "histogram", "values": [32709, 11, 6, 2, 3, 1, 0, 0, 2, 0, 0, 0, 0, 0, 0, 0, 0, 0, 1, 0, 0, 0, 0, 0, 0, 0, 0, 0, 0, 0, 0, 1], "bins": [-0.7812095284461975, 15191.859375, 30384.5, 45577.140625, 60769.78125, 75962.421875, 91155.0625, 106347.703125, 121540.34375, 136732.984375, 151925.625, 167118.265625, 182310.90625, 197503.546875, 212696.1875, 227888.828125, 243081.46875, 258274.109375, 273466.75, 288659.40625, 303852.03125, 319044.6875, 334237.3125, 349429.96875, 364622.59375, 379815.25, 395007.875, 410200.53125, 425393.15625, 440585.8125, 455778.4375, 470971.09375, 486163.71875]}, "patch_loss/1": {"_type": "histogram", "values": [32709, 11, 6, 2, 3, 1, 0, 0, 2, 0, 0, 0, 0, 0, 0, 0, 0, 0, 1, 0, 0, 0, 0, 0, 0, 0, 0, 0, 0, 0, 0, 1], "bins": [-0.7812095284461975, 15191.859375, 30384.5, 45577.140625, 60769.78125, 75962.421875, 91155.0625, 106347.703125, 121540.34375, 136732.984375, 151925.625, 167118.265625, 182310.90625, 197503.546875, 212696.1875, 227888.828125, 243081.46875, 258274.109375, 273466.75, 288659.40625, 303852.03125, 319044.6875, 334237.3125, 349429.96875, 364622.59375, 379815.25, 395007.875, 410200.53125, 425393.15625, 440585.8125, 455778.4375, 470971.09375, 486163.71875]}, "patch_loss/2": {"_type": "histogram", "values": [32709, 11, 6, 2, 3, 1, 0, 0, 2, 0, 0, 0, 0, 0, 0, 0, 0, 0, 1, 0, 0, 0, 0, 0, 0, 0, 0, 0, 0, 0, 0, 1], "bins": [-0.7812095284461975, 15191.859375, 30384.5, 45577.140625, 60769.78125, 75962.421875, 91155.0625, 106347.703125, 121540.34375, 136732.984375, 151925.625, 167118.265625, 182310.90625, 197503.546875, 212696.1875, 227888.828125, 243081.46875, 258274.109375, 273466.75, 288659.40625, 303852.03125, 319044.6875, 334237.3125, 349429.96875, 364622.59375, 379815.25, 395007.875, 410200.53125, 425393.15625, 440585.8125, 455778.4375, 470971.09375, 486163.71875]}, "patch_loss/3": {"_type": "histogram", "values": [32709, 11, 6, 2, 3, 1, 0, 0, 2, 0, 0, 0, 0, 0, 0, 0, 0, 0, 1, 0, 0, 0, 0, 0, 0, 0, 0, 0, 0, 0, 0, 1], "bins": [-0.7812095284461975, 15191.859375, 30384.5, 45577.140625, 60769.78125, 75962.421875, 91155.0625, 106347.703125, 121540.34375, 136732.984375, 151925.625, 167118.265625, 182310.90625, 197503.546875, 212696.1875, 227888.828125, 243081.46875, 258274.109375, 273466.75, 288659.40625, 303852.03125, 319044.6875, 334237.3125, 349429.96875, 364622.59375, 379815.25, 395007.875, 410200.53125, 425393.15625, 440585.8125, 455778.4375, 470971.09375, 486163.71875]}, "patch_loss/4": {"_type": "histogram", "values": [32709, 11, 6, 2, 3, 1, 0, 0, 2, 0, 0, 0, 0, 0, 0, 0, 0, 0, 1, 0, 0, 0, 0, 0, 0, 0, 0, 0, 0, 0, 0, 1], "bins": [-0.7812095284461975, 15191.859375, 30384.5, 45577.140625, 60769.78125, 75962.421875, 91155.0625, 106347.703125, 121540.34375, 136732.984375, 151925.625, 167118.265625, 182310.90625, 197503.546875, 212696.1875, 227888.828125, 243081.46875, 258274.109375, 273466.75, 288659.40625, 303852.03125, 319044.6875, 334237.3125, 349429.96875, 364622.59375, 379815.25, 395007.875, 410200.53125, 425393.15625, 440585.8125, 455778.4375, 470971.09375, 486163.71875]}, "patch_loss/5": {"_type": "histogram", "values": [32709, 11, 6, 2, 3, 1, 0, 0, 2, 0, 0, 0, 0, 0, 0, 0, 0, 0, 1, 0, 0, 0, 0, 0, 0, 0, 0, 0, 0, 0, 0, 1], "bins": [-0.7812095284461975, 15191.859375, 30384.5, 45577.140625, 60769.78125, 75962.421875, 91155.0625, 106347.703125, 121540.34375, 136732.984375, 151925.625, 167118.265625, 182310.90625, 197503.546875, 212696.1875, 227888.828125, 243081.46875, 258274.109375, 273466.75, 288659.40625, 303852.03125, 319044.6875, 334237.3125, 349429.96875, 364622.59375, 379815.25, 395007.875, 410200.53125, 425393.15625, 440585.8125, 455778.4375, 470971.09375, 486163.71875]}, "patch_loss/6": {"_type": "histogram", "values": [32709, 11, 6, 2, 3, 1, 0, 0, 2, 0, 0, 0, 0, 0, 0, 0, 0, 0, 1, 0, 0, 0, 0, 0, 0, 0, 0, 0, 0, 0, 0, 1], "bins": [-0.7812095284461975, 15191.859375, 30384.5, 45577.140625, 60769.78125, 75962.421875, 91155.0625, 106347.703125, 121540.34375, 136732.984375, 151925.625, 167118.265625, 182310.90625, 197503.546875, 212696.1875, 227888.828125, 243081.46875, 258274.109375, 273466.75, 288659.40625, 303852.03125, 319044.6875, 334237.3125, 349429.96875, 364622.59375, 379815.25, 395007.875, 410200.53125, 425393.15625, 440585.8125, 455778.4375, 470971.09375, 486163.71875]}, "patch_loss/7": {"_type": "histogram", "values": [32709, 11, 6, 2, 3, 1, 0, 0, 2, 0, 0, 0, 0, 0, 0, 0, 0, 0, 1, 0, 0, 0, 0, 0, 0, 0, 0, 0, 0, 0, 0, 1], "bins": [-0.7812095284461975, 15191.859375, 30384.5, 45577.140625, 60769.78125, 75962.421875, 91155.0625, 106347.703125, 121540.34375, 136732.984375, 151925.625, 167118.265625, 182310.90625, 197503.546875, 212696.1875, 227888.828125, 243081.46875, 258274.109375, 273466.75, 288659.40625, 303852.03125, 319044.6875, 334237.3125, 349429.96875, 364622.59375, 379815.25, 395007.875, 410200.53125, 425393.15625, 440585.8125, 455778.4375, 470971.09375, 486163.71875]}, "_timestamp": 1715033393.6531527, "_runtime": 350.2670576572418, "_step": 3275, "_wandb": {"runtime": 350}}