{"step": 629, "dead_fraction/0": 0.0, "reconstruction_loss/0": 26.614046096801758, "sparsity_loss/0": 204.86766052246094, "auxiliary_loss/0": 27.307743072509766, "l1/0": 304.66265869140625, "l0/0": 902.41455078125, "dead_fraction/1": 0.0, "reconstruction_loss/1": 27.441890716552734, "sparsity_loss/1": 197.78204345703125, "auxiliary_loss/1": 28.093448638916016, "l1/1": 294.1114807128906, "l0/1": 880.664794921875, "dead_fraction/2": 0.0, "reconstruction_loss/2": 29.71947479248047, "sparsity_loss/2": 183.04347229003906, "auxiliary_loss/2": 30.501686096191406, "l1/2": 273.04888916015625, "l0/2": 833.78564453125, "dead_fraction/3": 0.0, "reconstruction_loss/3": 32.24162292480469, "sparsity_loss/3": 167.5530242919922, "auxiliary_loss/3": 33.438697814941406, "l1/3": 252.38987731933594, "l0/3": 784.169921875, "dead_fraction/4": 0.0, "reconstruction_loss/4": 40.31037521362305, "sparsity_loss/4": 140.70272827148438, "auxiliary_loss/4": 42.92485046386719, "l1/4": 214.27447509765625, "l0/4": 691.20849609375, "dead_fraction/5": 0.0, "reconstruction_loss/5": 67.66771697998047, "sparsity_loss/5": 92.7825927734375, "auxiliary_loss/5": 74.4271240234375, "l1/5": 144.0205535888672, "l0/5": 502.015869140625, "dead_fraction/6": 0.0, "reconstruction_loss/6": 126.96540832519531, "sparsity_loss/6": 42.26036071777344, "auxiliary_loss/6": 136.86370849609375, "l1/6": 68.32636260986328, "l0/6": 265.789306640625, "dead_fraction/7": 0.0, "reconstruction_loss/7": 199.78872680664062, "sparsity_loss/7": 10.009414672851562, "auxiliary_loss/7": 204.94427490234375, "l1/7": 17.002521514892578, "l0/7": 79.220458984375, "patch_loss/0": {"_type": "histogram", "values": [32709, 11, 6, 2, 3, 1, 0, 0, 2, 0, 0, 0, 0, 0, 0, 0, 0, 0, 1, 0, 0, 0, 0, 0, 0, 0, 0, 0, 0, 0, 0, 1], "bins": [-0.3102504014968872, 47895.37109375, 95791.0546875, 143686.734375, 191582.421875, 239478.09375, 287373.78125, 335269.46875, 383165.15625, 431060.8125, 478956.5, 526852.1875, 574747.875, 622643.5625, 670539.25, 718434.9375, 766330.625, 814226.25, 862121.9375, 910017.625, 957913.3125, 1005809.0, 1053704.625, 1101600.375, 1149496.0, 1197391.75, 1245287.375, 1293183.125, 1341078.75, 1388974.5, 1436870.125, 1484765.875, 1532661.5]}, "patch_loss/1": {"_type": "histogram", "values": [32709, 11, 6, 2, 3, 1, 0, 0, 2, 0, 0, 0, 0, 0, 0, 0, 0, 0, 1, 0, 0, 0, 0, 0, 0, 0, 0, 0, 0, 0, 0, 1], "bins": [-0.3102504014968872, 47895.37109375, 95791.0546875, 143686.734375, 191582.421875, 239478.09375, 287373.78125, 335269.46875, 383165.15625, 431060.8125, 478956.5, 526852.1875, 574747.875, 622643.5625, 670539.25, 718434.9375, 766330.625, 814226.25, 862121.9375, 910017.625, 957913.3125, 1005809.0, 1053704.625, 1101600.375, 1149496.0, 1197391.75, 1245287.375, 1293183.125, 1341078.75, 1388974.5, 1436870.125, 1484765.875, 1532661.5]}, "patch_loss/2": {"_type": "histogram", "values": [32709, 11, 6, 2, 3, 1, 0, 0, 2, 0, 0, 0, 0, 0, 0, 0, 0, 0, 1, 0, 0, 0, 0, 0, 0, 0, 0, 0, 0, 0, 0, 1], "bins": [-0.3102504014968872, 47895.37109375, 95791.0546875, 143686.734375, 191582.421875, 239478.09375, 287373.78125, 335269.46875, 383165.15625, 431060.8125, 478956.5, 526852.1875, 574747.875, 622643.5625, 670539.25, 718434.9375, 766330.625, 814226.25, 862121.9375, 910017.625, 957913.3125, 1005809.0, 1053704.625, 1101600.375, 1149496.0, 1197391.75, 1245287.375, 1293183.125, 1341078.75, 1388974.5, 1436870.125, 1484765.875, 1532661.5]}, "patch_loss/3": {"_type": "histogram", "values": [32709, 11, 6, 2, 3, 1, 0, 0, 2, 0, 0, 0, 0, 0, 0, 0, 0, 0, 1, 0, 0, 0, 0, 0, 0, 0, 0, 0, 0, 0, 0, 1], "bins": [-0.3102504014968872, 47895.37109375, 95791.0546875, 143686.734375, 191582.421875, 239478.09375, 287373.78125, 335269.46875, 383165.15625, 431060.8125, 478956.5, 526852.1875, 574747.875, 622643.5625, 670539.25, 718434.9375, 766330.625, 814226.25, 862121.9375, 910017.625, 957913.3125, 1005809.0, 1053704.625, 1101600.375, 1149496.0, 1197391.75, 1245287.375, 1293183.125, 1341078.75, 1388974.5, 1436870.125, 1484765.875, 1532661.5]}, "patch_loss/4": {"_type": "histogram", "values": [32709, 11, 6, 2, 3, 1, 0, 0, 2, 0, 0, 0, 0, 0, 0, 0, 0, 0, 1, 0, 0, 0, 0, 0, 0, 0, 0, 0, 0, 0, 0, 1], "bins": [-0.3102504014968872, 47895.37109375, 95791.0546875, 143686.734375, 191582.421875, 239478.09375, 287373.78125, 335269.46875, 383165.15625, 431060.8125, 478956.5, 526852.1875, 574747.875, 622643.5625, 670539.25, 718434.9375, 766330.625, 814226.25, 862121.9375, 910017.625, 957913.3125, 1005809.0, 1053704.625, 1101600.375, 1149496.0, 1197391.75, 1245287.375, 1293183.125, 1341078.75, 1388974.5, 1436870.125, 1484765.875, 1532661.5]}, "patch_loss/5": {"_type": "histogram", "values": [32709, 11, 6, 2, 3, 1, 0, 0, 2, 0, 0, 0, 0, 0, 0, 0, 0, 0, 1, 0, 0, 0, 0, 0, 0, 0, 0, 0, 0, 0, 0, 1], "bins": [-0.3102504014968872, 47895.37109375, 95791.0546875, 143686.734375, 191582.421875, 239478.09375, 287373.78125, 335269.46875, 383165.15625, 431060.8125, 478956.5, 526852.1875, 574747.875, 622643.5625, 670539.25, 718434.9375, 766330.625, 814226.25, 862121.9375, 910017.625, 957913.3125, 1005809.0, 1053704.625, 1101600.375, 1149496.0, 1197391.75, 1245287.375, 1293183.125, 1341078.75, 1388974.5, 1436870.125, 1484765.875, 1532661.5]}, "patch_loss/6": {"_type": "histogram", "values": [32709, 11, 6, 2, 3, 1, 0, 0, 2, 0, 0, 0, 0, 0, 0, 0, 0, 0, 1, 0, 0, 0, 0, 0, 0, 0, 0, 0, 0, 0, 0, 1], "bins": [-0.3102504014968872, 47895.37109375, 95791.0546875, 143686.734375, 191582.421875, 239478.09375, 287373.78125, 335269.46875, 383165.15625, 431060.8125, 478956.5, 526852.1875, 574747.875, 622643.5625, 670539.25, 718434.9375, 766330.625, 814226.25, 862121.9375, 910017.625, 957913.3125, 1005809.0, 1053704.625, 1101600.375, 1149496.0, 1197391.75, 1245287.375, 1293183.125, 1341078.75, 1388974.5, 1436870.125, 1484765.875, 1532661.5]}, "patch_loss/7": {"_type": "histogram", "values": [32709, 11, 6, 2, 3, 1, 0, 0, 2, 0, 0, 0, 0, 0, 0, 0, 0, 0, 1, 0, 0, 0, 0, 0, 0, 0, 0, 0, 0, 0, 0, 1], "bins": [-0.3102504014968872, 47895.37109375, 95791.0546875, 143686.734375, 191582.421875, 239478.09375, 287373.78125, 335269.46875, 383165.15625, 431060.8125, 478956.5, 526852.1875, 574747.875, 622643.5625, 670539.25, 718434.9375, 766330.625, 814226.25, 862121.9375, 910017.625, 957913.3125, 1005809.0, 1053704.625, 1101600.375, 1149496.0, 1197391.75, 1245287.375, 1293183.125, 1341078.75, 1388974.5, 1436870.125, 1484765.875, 1532661.5]}, "_timestamp": 1715036029.9396298, "_runtime": 91.0666856765747, "_step": 629, "_wandb": {"runtime": 234}}