{"step": 1919, "dead_fraction/0": 1.0, "reconstruction_loss/0": NaN, "sparsity_loss/0": NaN, "auxiliary_loss/0": NaN, "l1/0": NaN, "l0/0": 0.0, "dead_fraction/1": 1.0, "reconstruction_loss/1": NaN, "sparsity_loss/1": NaN, "auxiliary_loss/1": NaN, "l1/1": NaN, "l0/1": 0.0, "dead_fraction/2": 1.0, "reconstruction_loss/2": NaN, "sparsity_loss/2": NaN, "auxiliary_loss/2": NaN, "l1/2": NaN, "l0/2": 0.0, "dead_fraction/3": 1.0, "reconstruction_loss/3": NaN, "sparsity_loss/3": NaN, "auxiliary_loss/3": NaN, "l1/3": NaN, "l0/3": 0.0, "dead_fraction/4": 1.0, "reconstruction_loss/4": NaN, "sparsity_loss/4": NaN, "auxiliary_loss/4": NaN, "l1/4": NaN, "l0/4": 0.0, "dead_fraction/5": 1.0, "reconstruction_loss/5": NaN, "sparsity_loss/5": NaN, "auxiliary_loss/5": NaN, "l1/5": NaN, "l0/5": 0.0, "dead_fraction/6": 1.0, "reconstruction_loss/6": NaN, "sparsity_loss/6": NaN, "auxiliary_loss/6": NaN, "l1/6": NaN, "l0/6": 0.0, "dead_fraction/7": 1.0, "reconstruction_loss/7": NaN, "sparsity_loss/7": NaN, "auxiliary_loss/7": NaN, "l1/7": NaN, "l0/7": 0.0, "patch_loss/0": {"_type": "histogram", "values": [32709, 11, 6, 2, 3, 1, 0, 0, 2, 0, 0, 0, 0, 0, 0, 0, 0, 0, 1, 0, 0, 0, 0, 0, 0, 0, 0, 0, 0, 0, 0, 1], "bins": [-0.7812095284461975, 15191.859375, 30384.5, 45577.140625, 60769.78125, 75962.421875, 91155.0625, 106347.703125, 121540.34375, 136732.984375, 151925.625, 167118.265625, 182310.90625, 197503.546875, 212696.1875, 227888.828125, 243081.46875, 258274.109375, 273466.75, 288659.40625, 303852.03125, 319044.6875, 334237.3125, 349429.96875, 364622.59375, 379815.25, 395007.875, 410200.53125, 425393.15625, 440585.8125, 455778.4375, 470971.09375, 486163.71875]}, "patch_loss/1": {"_type": "histogram", "values": [32709, 11, 6, 2, 3, 1, 0, 0, 2, 0, 0, 0, 0, 0, 0, 0, 0, 0, 1, 0, 0, 0, 0, 0, 0, 0, 0, 0, 0, 0, 0, 1], "bins": [-0.7812095284461975, 15191.859375, 30384.5, 45577.140625, 60769.78125, 75962.421875, 91155.0625, 106347.703125, 121540.34375, 136732.984375, 151925.625, 167118.265625, 182310.90625, 197503.546875, 212696.1875, 227888.828125, 243081.46875, 258274.109375, 273466.75, 288659.40625, 303852.03125, 319044.6875, 334237.3125, 349429.96875, 364622.59375, 379815.25, 395007.875, 410200.53125, 425393.15625, 440585.8125, 455778.4375, 470971.09375, 486163.71875]}, "patch_loss/2": {"_type": "histogram", "values": [32709, 11, 6, 2, 3, 1, 0, 0, 2, 0, 0, 0, 0, 0, 0, 0, 0, 0, 1, 0, 0, 0, 0, 0, 0, 0, 0, 0, 0, 0, 0, 1], "bins": [-0.7812095284461975, 15191.859375, 30384.5, 45577.140625, 60769.78125, 75962.421875, 91155.0625, 106347.703125, 121540.34375, 136732.984375, 151925.625, 167118.265625, 182310.90625, 197503.546875, 212696.1875, 227888.828125, 243081.46875, 258274.109375, 273466.75, 288659.40625, 303852.03125, 319044.6875, 334237.3125, 349429.96875, 364622.59375, 379815.25, 395007.875, 410200.53125, 425393.15625, 440585.8125, 455778.4375, 470971.09375, 486163.71875]}, "patch_loss/3": {"_type": "histogram", "values": [32709, 11, 6, 2, 3, 1, 0, 0, 2, 0, 0, 0, 0, 0, 0, 0, 0, 0, 1, 0, 0, 0, 0, 0, 0, 0, 0, 0, 0, 0, 0, 1], "bins": [-0.7812095284461975, 15191.859375, 30384.5, 45577.140625, 60769.78125, 75962.421875, 91155.0625, 106347.703125, 121540.34375, 136732.984375, 151925.625, 167118.265625, 182310.90625, 197503.546875, 212696.1875, 227888.828125, 243081.46875, 258274.109375, 273466.75, 288659.40625, 303852.03125, 319044.6875, 334237.3125, 349429.96875, 364622.59375, 379815.25, 395007.875, 410200.53125, 425393.15625, 440585.8125, 455778.4375, 470971.09375, 486163.71875]}, "patch_loss/4": {"_type": "histogram", "values": [32709, 11, 6, 2, 3, 1, 0, 0, 2, 0, 0, 0, 0, 0, 0, 0, 0, 0, 1, 0, 0, 0, 0, 0, 0, 0, 0, 0, 0, 0, 0, 1], "bins": [-0.7812095284461975, 15191.859375, 30384.5, 45577.140625, 60769.78125, 75962.421875, 91155.0625, 106347.703125, 121540.34375, 136732.984375, 151925.625, 167118.265625, 182310.90625, 197503.546875, 212696.1875, 227888.828125, 243081.46875, 258274.109375, 273466.75, 288659.40625, 303852.03125, 319044.6875, 334237.3125, 349429.96875, 364622.59375, 379815.25, 395007.875, 410200.53125, 425393.15625, 440585.8125, 455778.4375, 470971.09375, 486163.71875]}, "patch_loss/5": {"_type": "histogram", "values": [32709, 11, 6, 2, 3, 1, 0, 0, 2, 0, 0, 0, 0, 0, 0, 0, 0, 0, 1, 0, 0, 0, 0, 0, 0, 0, 0, 0, 0, 0, 0, 1], "bins": [-0.7812095284461975, 15191.859375, 30384.5, 45577.140625, 60769.78125, 75962.421875, 91155.0625, 106347.703125, 121540.34375, 136732.984375, 151925.625, 167118.265625, 182310.90625, 197503.546875, 212696.1875, 227888.828125, 243081.46875, 258274.109375, 273466.75, 288659.40625, 303852.03125, 319044.6875, 334237.3125, 349429.96875, 364622.59375, 379815.25, 395007.875, 410200.53125, 425393.15625, 440585.8125, 455778.4375, 470971.09375, 486163.71875]}, "patch_loss/6": {"_type": "histogram", "values": [32709, 11, 6, 2, 3, 1, 0, 0, 2, 0, 0, 0, 0, 0, 0, 0, 0, 0, 1, 0, 0, 0, 0, 0, 0, 0, 0, 0, 0, 0, 0, 1], "bins": [-0.7812095284461975, 15191.859375, 30384.5, 45577.140625, 60769.78125, 75962.421875, 91155.0625, 106347.703125, 121540.34375, 136732.984375, 151925.625, 167118.265625, 182310.90625, 197503.546875, 212696.1875, 227888.828125, 243081.46875, 258274.109375, 273466.75, 288659.40625, 303852.03125, 319044.6875, 334237.3125, 349429.96875, 364622.59375, 379815.25, 395007.875, 410200.53125, 425393.15625, 440585.8125, 455778.4375, 470971.09375, 486163.71875]}, "patch_loss/7": {"_type": "histogram", "values": [32709, 11, 6, 2, 3, 1, 0, 0, 2, 0, 0, 0, 0, 0, 0, 0, 0, 0, 1, 0, 0, 0, 0, 0, 0, 0, 0, 0, 0, 0, 0, 1], "bins": [-0.7812095284461975, 15191.859375, 30384.5, 45577.140625, 60769.78125, 75962.421875, 91155.0625, 106347.703125, 121540.34375, 136732.984375, 151925.625, 167118.265625, 182310.90625, 197503.546875, 212696.1875, 227888.828125, 243081.46875, 258274.109375, 273466.75, 288659.40625, 303852.03125, 319044.6875, 334237.3125, 349429.96875, 364622.59375, 379815.25, 395007.875, 410200.53125, 425393.15625, 440585.8125, 455778.4375, 470971.09375, 486163.71875]}, "_timestamp": 1715032912.5046663, "_runtime": 190.35561227798462, "_step": 1919, "_wandb": {"runtime": 313}}