{"step": 639, "dead_fraction/0": 0.0, "reconstruction_loss/0": 41.066001892089844, "sparsity_loss/0": 142.55751037597656, "auxiliary_loss/0": 43.51305389404297, "l1/0": 222.98191833496094, "l0/0": 694.351318359375, "dead_fraction/1": 0.0, "reconstruction_loss/1": 68.1505126953125, "sparsity_loss/1": 95.85570526123047, "auxiliary_loss/1": 74.60295104980469, "l1/1": 152.06044006347656, "l0/1": 509.513916015625, "dead_fraction/2": 0.0, "reconstruction_loss/2": 126.16581726074219, "sparsity_loss/2": 45.96696090698242, "auxiliary_loss/2": 136.3846435546875, "l1/2": 76.04878997802734, "l0/2": 286.232421875, "dead_fraction/3": 0.0, "reconstruction_loss/3": 201.48358154296875, "sparsity_loss/3": 12.077715873718262, "auxiliary_loss/3": 207.4563446044922, "l1/3": 20.979286193847656, "l0/3": 93.244873046875, "patch_loss/0": 0.0, "patch_loss/1": 0.0, "patch_loss/2": 0.0, "patch_loss/3": 0.0, "_timestamp": 1715039068.4335124, "_runtime": 68.97784543037415, "_step": 639, "_wandb": {"runtime": 81}}