{"step": 2786, "dead_fraction/0": 0.0, "reconstruction_loss/0": 66.28962707519531, "sparsity_loss/0": 63.17169189453125, "auxiliary_loss/0": 0.0, "l1/0": 63.171688079833984, "l0/0": 228.237548828125, "dead_fraction/1": 0.0, "reconstruction_loss/1": 110.94131469726562, "sparsity_loss/1": 26.33483123779297, "auxiliary_loss/1": 0.0, "l1/1": 26.33483123779297, "l0/1": 70.321044921875, "dead_fraction/2": 0.06884765625, "reconstruction_loss/2": 167.4733123779297, "sparsity_loss/2": 8.118782043457031, "auxiliary_loss/2": 0.0, "l1/2": 8.118782043457031, "l0/2": 11.908203125, "dead_fraction/3": 0.8681640625, "reconstruction_loss/3": 229.28591918945312, "sparsity_loss/3": 0.6756384372711182, "auxiliary_loss/3": 0.0, "l1/3": 0.6756384968757629, "l0/3": 1.0166015625, "patch_loss/0": 1.3473305407057836, "patch_loss/1": 1.3473305407057836, "patch_loss/2": 1.3473305407057836, "patch_loss/3": 1.3473305407057836, "_timestamp": 1715040362.4518116, "_runtime": 265.8463234901428, "_step": 2786}