{"step": 543, "dead_fraction/0": 0.0, "reconstruction_loss/0": 49.263275146484375, "sparsity_loss/0": 92.46634674072266, "auxiliary_loss/0": 0.0, "l1/0": 136.2303466796875, "l0/0": 822.7578125, "dead_fraction/1": 0.0, "reconstruction_loss/1": 113.21510314941406, "sparsity_loss/1": 41.596290588378906, "auxiliary_loss/1": 0.0, "l1/1": 61.283668518066406, "l0/1": 486.40283203125, "dead_fraction/2": 0.0, "reconstruction_loss/2": 197.50946044921875, "sparsity_loss/2": 7.484774589538574, "auxiliary_loss/2": 0.0, "l1/2": 11.027292251586914, "l0/2": 144.067138671875, "dead_fraction/3": 0.0537109375, "reconstruction_loss/3": 231.79962158203125, "sparsity_loss/3": 0.21223104000091553, "auxiliary_loss/3": 0.0, "l1/3": 0.312679260969162, "l0/3": 2.84912109375, "patch_loss/0": 1.3473305407057836, "patch_loss/1": 1.3473305407057836, "patch_loss/2": 1.3473305407057836, "patch_loss/3": 1.3473305407057836, "_timestamp": 1715040052.5408084, "_runtime": 56.859907388687134, "_step": 543, "_wandb": {"runtime": 93}}