{"step": 3306, "dead_fraction/0": 0.0, "reconstruction_loss/0": 5.178936958312988, "sparsity_loss/0": 287.9407043457031, "auxiliary_loss/0": 6.6682891845703125, "l1/0": 760.3064575195312, "l0/0": 1581.8037109375, "dead_fraction/1": 0.0, "reconstruction_loss/1": 10.12488079071045, "sparsity_loss/1": 217.59121704101562, "auxiliary_loss/1": 13.687049865722656, "l1/1": 588.8257446289062, "l0/1": 1350.752197265625, "dead_fraction/2": 0.0, "reconstruction_loss/2": 16.99135971069336, "sparsity_loss/2": 165.17507934570312, "auxiliary_loss/2": 24.729110717773438, "l1/2": 460.6415710449219, "l0/2": 1085.43408203125, "dead_fraction/3": 0.0, "reconstruction_loss/3": 21.037742614746094, "sparsity_loss/3": 142.2342071533203, "auxiliary_loss/3": 33.57413101196289, "l1/3": 407.4888916015625, "l0/3": 951.539306640625, "dead_fraction/4": 0.0, "reconstruction_loss/4": 25.771236419677734, "sparsity_loss/4": 116.67589569091797, "auxiliary_loss/4": 49.92660140991211, "l1/4": 356.1230163574219, "l0/4": 812.892578125, "dead_fraction/5": 0.0, "reconstruction_loss/5": 40.47614669799805, "sparsity_loss/5": 76.25151824951172, "auxiliary_loss/5": 97.65227508544922, "l1/5": 256.71405029296875, "l0/5": 551.107421875, "dead_fraction/6": 0.0, "reconstruction_loss/6": 82.91020202636719, "sparsity_loss/6": 39.636478424072266, "auxiliary_loss/6": 181.234619140625, "l1/6": 138.85057067871094, "l0/6": 263.549072265625, "dead_fraction/7": 0.0, "reconstruction_loss/7": 212.15794372558594, "sparsity_loss/7": 11.285673141479492, "auxiliary_loss/7": 290.5044860839844, "l1/7": 32.810821533203125, "l0/7": 51.419189453125, "patch_loss/0": {"_type": "histogram", "values": [32709, 11, 6, 2, 3, 1, 0, 0, 2, 0, 0, 0, 0, 0, 0, 0, 0, 0, 1, 0, 0, 0, 0, 0, 0, 0, 0, 0, 0, 0, 0, 1], "bins": [-0.7812095284461975, 15191.859375, 30384.5, 45577.140625, 60769.78125, 75962.421875, 91155.0625, 106347.703125, 121540.34375, 136732.984375, 151925.625, 167118.265625, 182310.90625, 197503.546875, 212696.1875, 227888.828125, 243081.46875, 258274.109375, 273466.75, 288659.40625, 303852.03125, 319044.6875, 334237.3125, 349429.96875, 364622.59375, 379815.25, 395007.875, 410200.53125, 425393.15625, 440585.8125, 455778.4375, 470971.09375, 486163.71875]}, "patch_loss/1": {"_type": "histogram", "values": [32709, 11, 6, 2, 3, 1, 0, 0, 2, 0, 0, 0, 0, 0, 0, 0, 0, 0, 1, 0, 0, 0, 0, 0, 0, 0, 0, 0, 0, 0, 0, 1], "bins": [-0.7812095284461975, 15191.859375, 30384.5, 45577.140625, 60769.78125, 75962.421875, 91155.0625, 106347.703125, 121540.34375, 136732.984375, 151925.625, 167118.265625, 182310.90625, 197503.546875, 212696.1875, 227888.828125, 243081.46875, 258274.109375, 273466.75, 288659.40625, 303852.03125, 319044.6875, 334237.3125, 349429.96875, 364622.59375, 379815.25, 395007.875, 410200.53125, 425393.15625, 440585.8125, 455778.4375, 470971.09375, 486163.71875]}, "patch_loss/2": {"_type": "histogram", "values": [32709, 11, 6, 2, 3, 1, 0, 0, 2, 0, 0, 0, 0, 0, 0, 0, 0, 0, 1, 0, 0, 0, 0, 0, 0, 0, 0, 0, 0, 0, 0, 1], "bins": [-0.7812095284461975, 15191.859375, 30384.5, 45577.140625, 60769.78125, 75962.421875, 91155.0625, 106347.703125, 121540.34375, 136732.984375, 151925.625, 167118.265625, 182310.90625, 197503.546875, 212696.1875, 227888.828125, 243081.46875, 258274.109375, 273466.75, 288659.40625, 303852.03125, 319044.6875, 334237.3125, 349429.96875, 364622.59375, 379815.25, 395007.875, 410200.53125, 425393.15625, 440585.8125, 455778.4375, 470971.09375, 486163.71875]}, "patch_loss/3": {"_type": "histogram", "values": [32709, 11, 6, 2, 3, 1, 0, 0, 2, 0, 0, 0, 0, 0, 0, 0, 0, 0, 1, 0, 0, 0, 0, 0, 0, 0, 0, 0, 0, 0, 0, 1], "bins": [-0.7812095284461975, 15191.859375, 30384.5, 45577.140625, 60769.78125, 75962.421875, 91155.0625, 106347.703125, 121540.34375, 136732.984375, 151925.625, 167118.265625, 182310.90625, 197503.546875, 212696.1875, 227888.828125, 243081.46875, 258274.109375, 273466.75, 288659.40625, 303852.03125, 319044.6875, 334237.3125, 349429.96875, 364622.59375, 379815.25, 395007.875, 410200.53125, 425393.15625, 440585.8125, 455778.4375, 470971.09375, 486163.71875]}, "patch_loss/4": {"_type": "histogram", "values": [32709, 11, 6, 2, 3, 1, 0, 0, 2, 0, 0, 0, 0, 0, 0, 0, 0, 0, 1, 0, 0, 0, 0, 0, 0, 0, 0, 0, 0, 0, 0, 1], "bins": [-0.7812095284461975, 15191.859375, 30384.5, 45577.140625, 60769.78125, 75962.421875, 91155.0625, 106347.703125, 121540.34375, 136732.984375, 151925.625, 167118.265625, 182310.90625, 197503.546875, 212696.1875, 227888.828125, 243081.46875, 258274.109375, 273466.75, 288659.40625, 303852.03125, 319044.6875, 334237.3125, 349429.96875, 364622.59375, 379815.25, 395007.875, 410200.53125, 425393.15625, 440585.8125, 455778.4375, 470971.09375, 486163.71875]}, "patch_loss/5": {"_type": "histogram", "values": [32709, 11, 6, 2, 3, 1, 0, 0, 2, 0, 0, 0, 0, 0, 0, 0, 0, 0, 1, 0, 0, 0, 0, 0, 0, 0, 0, 0, 0, 0, 0, 1], "bins": [-0.7812095284461975, 15191.859375, 30384.5, 45577.140625, 60769.78125, 75962.421875, 91155.0625, 106347.703125, 121540.34375, 136732.984375, 151925.625, 167118.265625, 182310.90625, 197503.546875, 212696.1875, 227888.828125, 243081.46875, 258274.109375, 273466.75, 288659.40625, 303852.03125, 319044.6875, 334237.3125, 349429.96875, 364622.59375, 379815.25, 395007.875, 410200.53125, 425393.15625, 440585.8125, 455778.4375, 470971.09375, 486163.71875]}, "patch_loss/6": {"_type": "histogram", "values": [32709, 11, 6, 2, 3, 1, 0, 0, 2, 0, 0, 0, 0, 0, 0, 0, 0, 0, 1, 0, 0, 0, 0, 0, 0, 0, 0, 0, 0, 0, 0, 1], "bins": [-0.7812095284461975, 15191.859375, 30384.5, 45577.140625, 60769.78125, 75962.421875, 91155.0625, 106347.703125, 121540.34375, 136732.984375, 151925.625, 167118.265625, 182310.90625, 197503.546875, 212696.1875, 227888.828125, 243081.46875, 258274.109375, 273466.75, 288659.40625, 303852.03125, 319044.6875, 334237.3125, 349429.96875, 364622.59375, 379815.25, 395007.875, 410200.53125, 425393.15625, 440585.8125, 455778.4375, 470971.09375, 486163.71875]}, "patch_loss/7": {"_type": "histogram", "values": [32709, 11, 6, 2, 3, 1, 0, 0, 2, 0, 0, 0, 0, 0, 0, 0, 0, 0, 1, 0, 0, 0, 0, 0, 0, 0, 0, 0, 0, 0, 0, 1], "bins": [-0.7812095284461975, 15191.859375, 30384.5, 45577.140625, 60769.78125, 75962.421875, 91155.0625, 106347.703125, 121540.34375, 136732.984375, 151925.625, 167118.265625, 182310.90625, 197503.546875, 212696.1875, 227888.828125, 243081.46875, 258274.109375, 273466.75, 288659.40625, 303852.03125, 319044.6875, 334237.3125, 349429.96875, 364622.59375, 379815.25, 395007.875, 410200.53125, 425393.15625, 440585.8125, 455778.4375, 470971.09375, 486163.71875]}, "_timestamp": 1715035244.4733763, "_runtime": 457.77613520622253, "_step": 3306, "_wandb": {"runtime": 509}}