{"step": 1631, "dead_fraction/0": 0.0, "reconstruction_loss/0": 39.38774490356445, "sparsity_loss/0": 113.13211059570312, "auxiliary_loss/0": 63.168766021728516, "l1/0": 166.534912109375, "l0/0": 476.620849609375, "dead_fraction/1": 0.0, "reconstruction_loss/1": 76.63619995117188, "sparsity_loss/1": 59.857452392578125, "auxiliary_loss/1": 113.24952697753906, "l1/1": 90.56961059570312, "l0/1": 251.93359375, "dead_fraction/2": 0.0, "reconstruction_loss/2": 162.1705322265625, "sparsity_loss/2": 17.924177169799805, "auxiliary_loss/2": 184.36062622070312, "l1/2": 27.0892333984375, "l0/2": 81.816650390625, "dead_fraction/3": 0.0, "reconstruction_loss/3": 236.71641540527344, "sparsity_loss/3": 0.5042623281478882, "auxiliary_loss/3": 237.453125, "l1/3": 0.8317182064056396, "l0/3": 4.3017578125, "patch_loss/0": 2.49054741773113, "patch_loss/1": 2.49054741773113, "patch_loss/2": 2.49054741773113, "patch_loss/3": 2.49054741773113, "_timestamp": 1715038653.2551079, "_runtime": 168.11781191825867, "_step": 1631, "_wandb": {"runtime": 172}}