{"step": 2399, "dead_fraction/0": 0.0, "reconstruction_loss/0": 36.50079345703125, "sparsity_loss/0": 96.59213256835938, "auxiliary_loss/0": 72.26565551757812, "l1/0": 159.28887939453125, "l0/0": 409.322265625, "dead_fraction/1": 0.0, "reconstruction_loss/1": 74.76646423339844, "sparsity_loss/1": 47.454803466796875, "auxiliary_loss/1": 124.53358459472656, "l1/1": 77.46820831298828, "l0/1": 179.48046875, "dead_fraction/2": 0.0, "reconstruction_loss/2": 147.817626953125, "sparsity_loss/2": 16.607118606567383, "auxiliary_loss/2": 176.83038330078125, "l1/2": 24.223655700683594, "l0/2": 55.67822265625, "dead_fraction/3": 0.0, "reconstruction_loss/3": 237.15870666503906, "sparsity_loss/3": 0.44138479232788086, "auxiliary_loss/3": 237.62362670898438, "l1/3": 0.6170234680175781, "l0/3": 2.5498046875, "patch_loss/0": 0.8095954441477711, "patch_loss/1": 0.8095954441477711, "patch_loss/2": 0.8095954441477711, "patch_loss/3": 0.8095954441477711, "_timestamp": 1715038245.4532995, "_runtime": 240.5902135372162, "_step": 2399, "_wandb": {"runtime": 245}}