{"step": 999, "dead_fraction/0": 0.0, "reconstruction_loss/0": 45.02233123779297, "sparsity_loss/0": 140.0353240966797, "auxiliary_loss/0": 55.2770881652832, "l1/0": 184.9384765625, "l0/0": 576.010498046875, "dead_fraction/1": 0.0, "reconstruction_loss/1": 84.84095764160156, "sparsity_loss/1": 79.36184692382812, "auxiliary_loss/1": 103.74223327636719, "l1/1": 108.44735717773438, "l0/1": 353.193603515625, "dead_fraction/2": 0.0, "reconstruction_loss/2": 174.69151306152344, "sparsity_loss/2": 23.002077102661133, "auxiliary_loss/2": 188.32778930664062, "l1/2": 32.90625, "l0/2": 121.00830078125, "dead_fraction/3": 0.0, "reconstruction_loss/3": 234.75575256347656, "sparsity_loss/3": 2.527082920074463, "auxiliary_loss/3": 237.19076538085938, "l1/3": 3.9255003929138184, "l0/3": 19.811767578125, "patch_loss/0": {"_type": "histogram", "values": [32709, 11, 6, 2, 3, 1, 0, 0, 2, 0, 0, 0, 0, 0, 0, 0, 0, 0, 1, 0, 0, 0, 0, 0, 0, 0, 0, 0, 0, 0, 0, 1], "bins": [-0.23630152642726898, 53030.3984375, 106061.0390625, 159091.671875, 212122.3125, 265152.9375, 318183.59375, 371214.21875, 424244.84375, 477275.5, 530306.125, 583336.75, 636367.375, 689398.0625, 742428.6875, 795459.3125, 848489.9375, 901520.5625, 954551.1875, 1007581.875, 1060612.5, 1113643.125, 1166673.75, 1219704.375, 1272735.0, 1325765.625, 1378796.25, 1431827.0, 1484857.625, 1537888.25, 1590918.875, 1643949.5, 1696980.125]}, "patch_loss/1": {"_type": "histogram", "values": [32709, 11, 6, 2, 3, 1, 0, 0, 2, 0, 0, 0, 0, 0, 0, 0, 0, 0, 1, 0, 0, 0, 0, 0, 0, 0, 0, 0, 0, 0, 0, 1], "bins": [-0.23630152642726898, 53030.3984375, 106061.0390625, 159091.671875, 212122.3125, 265152.9375, 318183.59375, 371214.21875, 424244.84375, 477275.5, 530306.125, 583336.75, 636367.375, 689398.0625, 742428.6875, 795459.3125, 848489.9375, 901520.5625, 954551.1875, 1007581.875, 1060612.5, 1113643.125, 1166673.75, 1219704.375, 1272735.0, 1325765.625, 1378796.25, 1431827.0, 1484857.625, 1537888.25, 1590918.875, 1643949.5, 1696980.125]}, "patch_loss/2": {"_type": "histogram", "values": [32709, 11, 6, 2, 3, 1, 0, 0, 2, 0, 0, 0, 0, 0, 0, 0, 0, 0, 1, 0, 0, 0, 0, 0, 0, 0, 0, 0, 0, 0, 0, 1], "bins": [-0.23630152642726898, 53030.3984375, 106061.0390625, 159091.671875, 212122.3125, 265152.9375, 318183.59375, 371214.21875, 424244.84375, 477275.5, 530306.125, 583336.75, 636367.375, 689398.0625, 742428.6875, 795459.3125, 848489.9375, 901520.5625, 954551.1875, 1007581.875, 1060612.5, 1113643.125, 1166673.75, 1219704.375, 1272735.0, 1325765.625, 1378796.25, 1431827.0, 1484857.625, 1537888.25, 1590918.875, 1643949.5, 1696980.125]}, "patch_loss/3": {"_type": "histogram", "values": [32709, 11, 6, 2, 3, 1, 0, 0, 2, 0, 0, 0, 0, 0, 0, 0, 0, 0, 1, 0, 0, 0, 0, 0, 0, 0, 0, 0, 0, 0, 0, 1], "bins": [-0.23630152642726898, 53030.3984375, 106061.0390625, 159091.671875, 212122.3125, 265152.9375, 318183.59375, 371214.21875, 424244.84375, 477275.5, 530306.125, 583336.75, 636367.375, 689398.0625, 742428.6875, 795459.3125, 848489.9375, 901520.5625, 954551.1875, 1007581.875, 1060612.5, 1113643.125, 1166673.75, 1219704.375, 1272735.0, 1325765.625, 1378796.25, 1431827.0, 1484857.625, 1537888.25, 1590918.875, 1643949.5, 1696980.125]}, "_timestamp": 1715037188.8537004, "_runtime": 103.66071629524231, "_step": 999, "_wandb": {"runtime": 104}}