{"step": 1311, "dead_fraction/0": 0.0, "reconstruction_loss/0": 33.6927490234375, "sparsity_loss/0": 354.9246826171875, "auxiliary_loss/0": 34.97475814819336, "l1/0": 458.3990783691406, "l0/0": 1003.056396484375, "dead_fraction/1": 0.0, "reconstruction_loss/1": 34.818973541259766, "sparsity_loss/1": 336.5980224609375, "auxiliary_loss/1": 36.92156219482422, "l1/1": 435.60418701171875, "l0/1": 966.998291015625, "dead_fraction/2": 0.0, "reconstruction_loss/2": 38.84143829345703, "sparsity_loss/2": 302.18121337890625, "auxiliary_loss/2": 43.63574981689453, "l1/2": 391.46392822265625, "l0/2": 889.22607421875, "dead_fraction/3": 0.0, "reconstruction_loss/3": 44.501651763916016, "sparsity_loss/3": 270.26214599609375, "auxiliary_loss/3": 53.15388488769531, "l1/3": 352.919921875, "l0/3": 812.047607421875, "dead_fraction/4": 0.0, "reconstruction_loss/4": 59.50709533691406, "sparsity_loss/4": 217.31793212890625, "auxiliary_loss/4": 77.87379455566406, "l1/4": 287.62420654296875, "l0/4": 669.863525390625, "dead_fraction/5": 0.0, "reconstruction_loss/5": 110.26683044433594, "sparsity_loss/5": 135.0792236328125, "auxiliary_loss/5": 149.0470733642578, "l1/5": 182.03440856933594, "l0/5": 434.9462890625, "dead_fraction/6": 0.0, "reconstruction_loss/6": 237.54830932617188, "sparsity_loss/6": 56.74437713623047, "auxiliary_loss/6": 279.8852844238281, "l1/6": 78.78573608398438, "l0/6": 200.875732421875, "dead_fraction/7": 0.0, "reconstruction_loss/7": 438.91729736328125, "sparsity_loss/7": 3.382030725479126, "auxiliary_loss/7": 443.0194091796875, "l1/7": 5.15788459777832, "l0/7": 19.130859375, "patch_loss/0": {"_type": "histogram", "values": [32709, 11, 6, 2, 3, 1, 0, 0, 2, 0, 0, 0, 0, 0, 0, 0, 0, 0, 1, 0, 0, 0, 0, 0, 0, 0, 0, 0, 0, 0, 0, 1], "bins": [-0.7812095284461975, 15191.859375, 30384.5, 45577.140625, 60769.78125, 75962.421875, 91155.0625, 106347.703125, 121540.34375, 136732.984375, 151925.625, 167118.265625, 182310.90625, 197503.546875, 212696.1875, 227888.828125, 243081.46875, 258274.109375, 273466.75, 288659.40625, 303852.03125, 319044.6875, 334237.3125, 349429.96875, 364622.59375, 379815.25, 395007.875, 410200.53125, 425393.15625, 440585.8125, 455778.4375, 470971.09375, 486163.71875]}, "patch_loss/1": {"_type": "histogram", "values": [32709, 11, 6, 2, 3, 1, 0, 0, 2, 0, 0, 0, 0, 0, 0, 0, 0, 0, 1, 0, 0, 0, 0, 0, 0, 0, 0, 0, 0, 0, 0, 1], "bins": [-0.7812095284461975, 15191.859375, 30384.5, 45577.140625, 60769.78125, 75962.421875, 91155.0625, 106347.703125, 121540.34375, 136732.984375, 151925.625, 167118.265625, 182310.90625, 197503.546875, 212696.1875, 227888.828125, 243081.46875, 258274.109375, 273466.75, 288659.40625, 303852.03125, 319044.6875, 334237.3125, 349429.96875, 364622.59375, 379815.25, 395007.875, 410200.53125, 425393.15625, 440585.8125, 455778.4375, 470971.09375, 486163.71875]}, "patch_loss/2": {"_type": "histogram", "values": [32709, 11, 6, 2, 3, 1, 0, 0, 2, 0, 0, 0, 0, 0, 0, 0, 0, 0, 1, 0, 0, 0, 0, 0, 0, 0, 0, 0, 0, 0, 0, 1], "bins": [-0.7812095284461975, 15191.859375, 30384.5, 45577.140625, 60769.78125, 75962.421875, 91155.0625, 106347.703125, 121540.34375, 136732.984375, 151925.625, 167118.265625, 182310.90625, 197503.546875, 212696.1875, 227888.828125, 243081.46875, 258274.109375, 273466.75, 288659.40625, 303852.03125, 319044.6875, 334237.3125, 349429.96875, 364622.59375, 379815.25, 395007.875, 410200.53125, 425393.15625, 440585.8125, 455778.4375, 470971.09375, 486163.71875]}, "patch_loss/3": {"_type": "histogram", "values": [32709, 11, 6, 2, 3, 1, 0, 0, 2, 0, 0, 0, 0, 0, 0, 0, 0, 0, 1, 0, 0, 0, 0, 0, 0, 0, 0, 0, 0, 0, 0, 1], "bins": [-0.7812095284461975, 15191.859375, 30384.5, 45577.140625, 60769.78125, 75962.421875, 91155.0625, 106347.703125, 121540.34375, 136732.984375, 151925.625, 167118.265625, 182310.90625, 197503.546875, 212696.1875, 227888.828125, 243081.46875, 258274.109375, 273466.75, 288659.40625, 303852.03125, 319044.6875, 334237.3125, 349429.96875, 364622.59375, 379815.25, 395007.875, 410200.53125, 425393.15625, 440585.8125, 455778.4375, 470971.09375, 486163.71875]}, "patch_loss/4": {"_type": "histogram", "values": [32709, 11, 6, 2, 3, 1, 0, 0, 2, 0, 0, 0, 0, 0, 0, 0, 0, 0, 1, 0, 0, 0, 0, 0, 0, 0, 0, 0, 0, 0, 0, 1], "bins": [-0.7812095284461975, 15191.859375, 30384.5, 45577.140625, 60769.78125, 75962.421875, 91155.0625, 106347.703125, 121540.34375, 136732.984375, 151925.625, 167118.265625, 182310.90625, 197503.546875, 212696.1875, 227888.828125, 243081.46875, 258274.109375, 273466.75, 288659.40625, 303852.03125, 319044.6875, 334237.3125, 349429.96875, 364622.59375, 379815.25, 395007.875, 410200.53125, 425393.15625, 440585.8125, 455778.4375, 470971.09375, 486163.71875]}, "patch_loss/5": {"_type": "histogram", "values": [32709, 11, 6, 2, 3, 1, 0, 0, 2, 0, 0, 0, 0, 0, 0, 0, 0, 0, 1, 0, 0, 0, 0, 0, 0, 0, 0, 0, 0, 0, 0, 1], "bins": [-0.7812095284461975, 15191.859375, 30384.5, 45577.140625, 60769.78125, 75962.421875, 91155.0625, 106347.703125, 121540.34375, 136732.984375, 151925.625, 167118.265625, 182310.90625, 197503.546875, 212696.1875, 227888.828125, 243081.46875, 258274.109375, 273466.75, 288659.40625, 303852.03125, 319044.6875, 334237.3125, 349429.96875, 364622.59375, 379815.25, 395007.875, 410200.53125, 425393.15625, 440585.8125, 455778.4375, 470971.09375, 486163.71875]}, "patch_loss/6": {"_type": "histogram", "values": [32709, 11, 6, 2, 3, 1, 0, 0, 2, 0, 0, 0, 0, 0, 0, 0, 0, 0, 1, 0, 0, 0, 0, 0, 0, 0, 0, 0, 0, 0, 0, 1], "bins": [-0.7812095284461975, 15191.859375, 30384.5, 45577.140625, 60769.78125, 75962.421875, 91155.0625, 106347.703125, 121540.34375, 136732.984375, 151925.625, 167118.265625, 182310.90625, 197503.546875, 212696.1875, 227888.828125, 243081.46875, 258274.109375, 273466.75, 288659.40625, 303852.03125, 319044.6875, 334237.3125, 349429.96875, 364622.59375, 379815.25, 395007.875, 410200.53125, 425393.15625, 440585.8125, 455778.4375, 470971.09375, 486163.71875]}, "patch_loss/7": {"_type": "histogram", "values": [32709, 11, 6, 2, 3, 1, 0, 0, 2, 0, 0, 0, 0, 0, 0, 0, 0, 0, 1, 0, 0, 0, 0, 0, 0, 0, 0, 0, 0, 0, 0, 1], "bins": [-0.7812095284461975, 15191.859375, 30384.5, 45577.140625, 60769.78125, 75962.421875, 91155.0625, 106347.703125, 121540.34375, 136732.984375, 151925.625, 167118.265625, 182310.90625, 197503.546875, 212696.1875, 227888.828125, 243081.46875, 258274.109375, 273466.75, 288659.40625, 303852.03125, 319044.6875, 334237.3125, 349429.96875, 364622.59375, 379815.25, 395007.875, 410200.53125, 425393.15625, 440585.8125, 455778.4375, 470971.09375, 486163.71875]}, "_timestamp": 1715033709.5693538, "_runtime": 141.76556587219238, "_step": 1311, "_wandb": {"runtime": 939}}