{"step": 1111, "dead_fraction/0": 0.0, "reconstruction_loss/0": 77.83392333984375, "sparsity_loss/0": 78.6751937866211, "auxiliary_loss/0": 0.0, "l1/0": 78.67520141601562, "l0/0": 435.52734375, "dead_fraction/1": 0.0, "reconstruction_loss/1": 145.29161071777344, "sparsity_loss/1": 25.71310806274414, "auxiliary_loss/1": 0.0, "l1/1": 25.71310806274414, "l0/1": 155.751708984375, "dead_fraction/2": 0.0, "reconstruction_loss/2": 200.85450744628906, "sparsity_loss/2": 4.83018684387207, "auxiliary_loss/2": 0.0, "l1/2": 4.83018684387207, "l0/2": 18.871337890625, "dead_fraction/3": 0.49560546875, "reconstruction_loss/3": 232.56719970703125, "sparsity_loss/3": 0.38605740666389465, "auxiliary_loss/3": 0.0, "l1/3": 0.38605743646621704, "l0/3": 1.85107421875, "patch_loss/0": 2.49054741773113, "patch_loss/1": 2.49054741773113, "patch_loss/2": 2.49054741773113, "patch_loss/3": 2.49054741773113, "_timestamp": 1715039416.3577633, "_runtime": 107.65525722503662, "_step": 1111, "_wandb": {"runtime": 106}}