{"step": 216, "dead_fraction/0": 0.0, "reconstruction_loss/0": 13.500568389892578, "sparsity_loss/0": 15.420499801635742, "auxiliary_loss/0": 0.0, "l1/0": 57.11296081542969, "l0/0": 1023.343994140625, "dead_fraction/1": 0.0, "reconstruction_loss/1": 21.35063934326172, "sparsity_loss/1": 9.208392143249512, "auxiliary_loss/1": 0.0, "l1/1": 34.105159759521484, "l0/1": 699.478515625, "dead_fraction/2": 0.0, "reconstruction_loss/2": 32.936302185058594, "sparsity_loss/2": 4.6954240798950195, "auxiliary_loss/2": 0.0, "l1/2": 17.390460968017578, "l0/2": 371.552490234375, "dead_fraction/3": 0.0, "reconstruction_loss/3": 52.84270477294922, "sparsity_loss/3": 1.1568995714187622, "auxiliary_loss/3": 0.0, "l1/3": 4.284812927246094, "l0/3": 46.375, "patch_loss/0": 0.0, "patch_loss/1": 0.0, "patch_loss/2": 0.0, "patch_loss/3": 0.0, "_timestamp": 1715056551.0478454, "_runtime": 25.2908992767334, "_step": 216, "_wandb": {"runtime": 49}}