{"step": 1720, "dead_fraction/0": 0.0, "reconstruction_loss/0": 71.56471252441406, "sparsity_loss/0": 245.61276245117188, "auxiliary_loss/0": 0.0, "l1/0": 245.6127471923828, "l0/0": 1088.71923828125, "dead_fraction/1": 0.0, "reconstruction_loss/1": 75.99163055419922, "sparsity_loss/1": 236.66482543945312, "auxiliary_loss/1": 0.0, "l1/1": 236.66482543945312, "l0/1": 1079.220703125, "dead_fraction/2": 0.0, "reconstruction_loss/2": 87.20770263671875, "sparsity_loss/2": 217.13250732421875, "auxiliary_loss/2": 0.0, "l1/2": 217.1324920654297, "l0/2": 1057.357421875, "dead_fraction/3": 0.0, "reconstruction_loss/3": 141.2498016357422, "sparsity_loss/3": 153.72100830078125, "auxiliary_loss/3": 0.0, "l1/3": 153.72100830078125, "l0/3": 976.853271484375, "dead_fraction/4": 0.0, "reconstruction_loss/4": 279.9617614746094, "sparsity_loss/4": 59.1075439453125, "auxiliary_loss/4": 0.0, "l1/4": 59.1075439453125, "l0/4": 817.7607421875, "dead_fraction/5": 0.0, "reconstruction_loss/5": 414.75860595703125, "sparsity_loss/5": 0.5962576866149902, "auxiliary_loss/5": 0.0, "l1/5": 0.5962576866149902, "l0/5": 108.9384765625, "dead_fraction/6": 0.0, "reconstruction_loss/6": 417.39715576171875, "sparsity_loss/6": 0.01599820889532566, "auxiliary_loss/6": 0.0, "l1/6": 0.01599820889532566, "l0/6": 5.7587890625, "dead_fraction/7": 0.01416015625, "reconstruction_loss/7": 417.48968505859375, "sparsity_loss/7": 0.0008128469344228506, "auxiliary_loss/7": 0.0, "l1/7": 0.0008128469926305115, "l0/7": 0.998291015625, "patch_loss/0": 1.0205011062198153, "patch_loss/1": 1.0157195388595344, "patch_loss/2": 1.0100834497185665, "patch_loss/3": 0.983214105102239, "patch_loss/4": 0.9643974752323108, "patch_loss/5": 0.9581126726483964, "patch_loss/6": 0.9585611401411085, "patch_loss/7": 0.9584457206003485, "_timestamp": 1715060853.5707371, "_runtime": 218.32393717765808, "_step": 1720}