{"step": 143, "dead_fraction/0": 0.0, "reconstruction_loss/0": 18.320690155029297, "sparsity_loss/0": 48.38431930541992, "auxiliary_loss/0": 19.072452545166016, "l1/0": 333.3780517578125, "l0/0": 994.562255859375, "dead_fraction/1": 0.0, "reconstruction_loss/1": 18.872852325439453, "sparsity_loss/1": 47.01883316040039, "auxiliary_loss/1": 19.884057998657227, "l1/1": 323.11767578125, "l0/1": 965.84765625, "dead_fraction/2": 0.0, "reconstruction_loss/2": 19.966630935668945, "sparsity_loss/2": 44.42453384399414, "auxiliary_loss/2": 21.431659698486328, "l1/2": 308.781982421875, "l0/2": 914.332763671875, "dead_fraction/3": 0.0, "reconstruction_loss/3": 21.2264347076416, "sparsity_loss/3": 42.25018310546875, "auxiliary_loss/3": 23.16037368774414, "l1/3": 295.2926025390625, "l0/3": 868.880615234375, "dead_fraction/4": 0.0, "reconstruction_loss/4": 24.189006805419922, "sparsity_loss/4": 38.235408782958984, "auxiliary_loss/4": 27.270715713500977, "l1/4": 269.30474853515625, "l0/4": 780.6103515625, "dead_fraction/5": 0.0, "reconstruction_loss/5": 30.845483779907227, "sparsity_loss/5": 32.055091857910156, "auxiliary_loss/5": 37.13337326049805, "l1/5": 227.6094970703125, "l0/5": 649.010009765625, "dead_fraction/6": 0.0, "reconstruction_loss/6": 49.2695426940918, "sparsity_loss/6": 23.8623104095459, "auxiliary_loss/6": 61.41852569580078, "l1/6": 168.64743041992188, "l0/6": 495.552734375, "dead_fraction/7": 0.0, "reconstruction_loss/7": 222.87359619140625, "sparsity_loss/7": 0.5627626180648804, "auxiliary_loss/7": 225.19357299804688, "l1/7": 4.533588409423828, "l0/7": 21.745361328125, "patch_loss/0": {"_type": "histogram", "values": [32709, 11, 6, 2, 3, 1, 0, 0, 2, 0, 0, 0, 0, 0, 0, 0, 0, 0, 1, 0, 0, 0, 0, 0, 0, 0, 0, 0, 0, 0, 0, 1], "bins": [-0.3102504014968872, 47895.37109375, 95791.0546875, 143686.734375, 191582.421875, 239478.09375, 287373.78125, 335269.46875, 383165.15625, 431060.8125, 478956.5, 526852.1875, 574747.875, 622643.5625, 670539.25, 718434.9375, 766330.625, 814226.25, 862121.9375, 910017.625, 957913.3125, 1005809.0, 1053704.625, 1101600.375, 1149496.0, 1197391.75, 1245287.375, 1293183.125, 1341078.75, 1388974.5, 1436870.125, 1484765.875, 1532661.5]}, "patch_loss/1": {"_type": "histogram", "values": [32709, 11, 6, 2, 3, 1, 0, 0, 2, 0, 0, 0, 0, 0, 0, 0, 0, 0, 1, 0, 0, 0, 0, 0, 0, 0, 0, 0, 0, 0, 0, 1], "bins": [-0.3102504014968872, 47895.37109375, 95791.0546875, 143686.734375, 191582.421875, 239478.09375, 287373.78125, 335269.46875, 383165.15625, 431060.8125, 478956.5, 526852.1875, 574747.875, 622643.5625, 670539.25, 718434.9375, 766330.625, 814226.25, 862121.9375, 910017.625, 957913.3125, 1005809.0, 1053704.625, 1101600.375, 1149496.0, 1197391.75, 1245287.375, 1293183.125, 1341078.75, 1388974.5, 1436870.125, 1484765.875, 1532661.5]}, "patch_loss/2": {"_type": "histogram", "values": [32709, 11, 6, 2, 3, 1, 0, 0, 2, 0, 0, 0, 0, 0, 0, 0, 0, 0, 1, 0, 0, 0, 0, 0, 0, 0, 0, 0, 0, 0, 0, 1], "bins": [-0.3102504014968872, 47895.37109375, 95791.0546875, 143686.734375, 191582.421875, 239478.09375, 287373.78125, 335269.46875, 383165.15625, 431060.8125, 478956.5, 526852.1875, 574747.875, 622643.5625, 670539.25, 718434.9375, 766330.625, 814226.25, 862121.9375, 910017.625, 957913.3125, 1005809.0, 1053704.625, 1101600.375, 1149496.0, 1197391.75, 1245287.375, 1293183.125, 1341078.75, 1388974.5, 1436870.125, 1484765.875, 1532661.5]}, "patch_loss/3": {"_type": "histogram", "values": [32709, 11, 6, 2, 3, 1, 0, 0, 2, 0, 0, 0, 0, 0, 0, 0, 0, 0, 1, 0, 0, 0, 0, 0, 0, 0, 0, 0, 0, 0, 0, 1], "bins": [-0.3102504014968872, 47895.37109375, 95791.0546875, 143686.734375, 191582.421875, 239478.09375, 287373.78125, 335269.46875, 383165.15625, 431060.8125, 478956.5, 526852.1875, 574747.875, 622643.5625, 670539.25, 718434.9375, 766330.625, 814226.25, 862121.9375, 910017.625, 957913.3125, 1005809.0, 1053704.625, 1101600.375, 1149496.0, 1197391.75, 1245287.375, 1293183.125, 1341078.75, 1388974.5, 1436870.125, 1484765.875, 1532661.5]}, "patch_loss/4": {"_type": "histogram", "values": [32709, 11, 6, 2, 3, 1, 0, 0, 2, 0, 0, 0, 0, 0, 0, 0, 0, 0, 1, 0, 0, 0, 0, 0, 0, 0, 0, 0, 0, 0, 0, 1], "bins": [-0.3102504014968872, 47895.37109375, 95791.0546875, 143686.734375, 191582.421875, 239478.09375, 287373.78125, 335269.46875, 383165.15625, 431060.8125, 478956.5, 526852.1875, 574747.875, 622643.5625, 670539.25, 718434.9375, 766330.625, 814226.25, 862121.9375, 910017.625, 957913.3125, 1005809.0, 1053704.625, 1101600.375, 1149496.0, 1197391.75, 1245287.375, 1293183.125, 1341078.75, 1388974.5, 1436870.125, 1484765.875, 1532661.5]}, "patch_loss/5": {"_type": "histogram", "values": [32709, 11, 6, 2, 3, 1, 0, 0, 2, 0, 0, 0, 0, 0, 0, 0, 0, 0, 1, 0, 0, 0, 0, 0, 0, 0, 0, 0, 0, 0, 0, 1], "bins": [-0.3102504014968872, 47895.37109375, 95791.0546875, 143686.734375, 191582.421875, 239478.09375, 287373.78125, 335269.46875, 383165.15625, 431060.8125, 478956.5, 526852.1875, 574747.875, 622643.5625, 670539.25, 718434.9375, 766330.625, 814226.25, 862121.9375, 910017.625, 957913.3125, 1005809.0, 1053704.625, 1101600.375, 1149496.0, 1197391.75, 1245287.375, 1293183.125, 1341078.75, 1388974.5, 1436870.125, 1484765.875, 1532661.5]}, "patch_loss/6": {"_type": "histogram", "values": [32709, 11, 6, 2, 3, 1, 0, 0, 2, 0, 0, 0, 0, 0, 0, 0, 0, 0, 1, 0, 0, 0, 0, 0, 0, 0, 0, 0, 0, 0, 0, 1], "bins": [-0.3102504014968872, 47895.37109375, 95791.0546875, 143686.734375, 191582.421875, 239478.09375, 287373.78125, 335269.46875, 383165.15625, 431060.8125, 478956.5, 526852.1875, 574747.875, 622643.5625, 670539.25, 718434.9375, 766330.625, 814226.25, 862121.9375, 910017.625, 957913.3125, 1005809.0, 1053704.625, 1101600.375, 1149496.0, 1197391.75, 1245287.375, 1293183.125, 1341078.75, 1388974.5, 1436870.125, 1484765.875, 1532661.5]}, "patch_loss/7": {"_type": "histogram", "values": [32709, 11, 6, 2, 3, 1, 0, 0, 2, 0, 0, 0, 0, 0, 0, 0, 0, 0, 1, 0, 0, 0, 0, 0, 0, 0, 0, 0, 0, 0, 0, 1], "bins": [-0.3102504014968872, 47895.37109375, 95791.0546875, 143686.734375, 191582.421875, 239478.09375, 287373.78125, 335269.46875, 383165.15625, 431060.8125, 478956.5, 526852.1875, 574747.875, 622643.5625, 670539.25, 718434.9375, 766330.625, 814226.25, 862121.9375, 910017.625, 957913.3125, 1005809.0, 1053704.625, 1101600.375, 1149496.0, 1197391.75, 1245287.375, 1293183.125, 1341078.75, 1388974.5, 1436870.125, 1484765.875, 1532661.5]}, "_timestamp": 1715036693.7138314, "_runtime": 40.94415545463562, "_step": 143}