{"step": 5738, "dead_fraction/0": 0.0, "reconstruction_loss/0": 11.552658081054688, "sparsity_loss/0": 339.5089416503906, "auxiliary_loss/0": 0.0, "l1/0": 339.50897216796875, "l0/0": 1248.22314453125, "dead_fraction/1": 0.0, "reconstruction_loss/1": 13.884527206420898, "sparsity_loss/1": 261.406494140625, "auxiliary_loss/1": 0.0, "l1/1": 261.406494140625, "l0/1": 879.374267578125, "dead_fraction/2": 0.0, "reconstruction_loss/2": 34.06739807128906, "sparsity_loss/2": 187.77365112304688, "auxiliary_loss/2": 0.0, "l1/2": 187.77366638183594, "l0/2": 589.6494140625, "dead_fraction/3": 0.0, "reconstruction_loss/3": 87.438720703125, "sparsity_loss/3": 96.33817291259766, "auxiliary_loss/3": 0.0, "l1/3": 96.33816528320312, "l0/3": 234.45361328125, "dead_fraction/4": 0.0, "reconstruction_loss/4": 148.01846313476562, "sparsity_loss/4": 47.7398681640625, "auxiliary_loss/4": 0.0, "l1/4": 47.7398681640625, "l0/4": 77.317138671875, "dead_fraction/5": 0.00146484375, "reconstruction_loss/5": 225.72483825683594, "sparsity_loss/5": 19.51227569580078, "auxiliary_loss/5": 0.0, "l1/5": 19.51227569580078, "l0/5": 16.783447265625, "dead_fraction/6": 0.12255859375, "reconstruction_loss/6": 284.14361572265625, "sparsity_loss/6": 10.465961456298828, "auxiliary_loss/6": 0.0, "l1/6": 10.465961456298828, "l0/6": 7.49755859375, "dead_fraction/7": 0.7568359375, "reconstruction_loss/7": 381.0934143066406, "sparsity_loss/7": 2.33705997467041, "auxiliary_loss/7": 0.0, "l1/7": 2.33705997467041, "l0/7": 1.5888671875, "patch_loss/0": 1.2986659077097935, "patch_loss/1": 1.2752392174277016, "patch_loss/2": 1.2361799005908647, "patch_loss/3": 1.1586909755361563, "patch_loss/4": 1.092170615111987, "patch_loss/5": 1.0310830849186523, "patch_loss/6": 0.9993767808331251, "patch_loss/7": 0.9678160258873515, "_timestamp": 1715059441.0336301, "_runtime": 585.8948662281036, "_step": 5738, "_wandb": {"runtime": 1203}}