{"step": 754, "dead_fraction/0": 0.0, "reconstruction_loss/0": 43.1844482421875, "sparsity_loss/0": 153.18006896972656, "auxiliary_loss/0": 47.75210189819336, "l1/0": 206.79916381835938, "l0/0": 653.842041015625, "dead_fraction/1": 0.0, "reconstruction_loss/1": 78.34521484375, "sparsity_loss/1": 93.49537658691406, "auxiliary_loss/1": 89.04386138916016, "l1/1": 129.62046813964844, "l0/1": 436.592529296875, "dead_fraction/2": 0.0, "reconstruction_loss/2": 149.26028442382812, "sparsity_loss/2": 37.195228576660156, "auxiliary_loss/2": 161.47584533691406, "l1/2": 53.92877960205078, "l0/2": 205.26220703125, "dead_fraction/3": 0.0, "reconstruction_loss/3": 219.96580505371094, "sparsity_loss/3": 7.141958713531494, "auxiliary_loss/3": 224.3450164794922, "l1/3": 10.960190773010254, "l0/3": 51.10546875, "patch_loss/0": 2.49054741773113, "patch_loss/1": 2.49054741773113, "patch_loss/2": 2.49054741773113, "patch_loss/3": 2.49054741773113, "_timestamp": 1715039269.8477125, "_runtime": 79.09600353240967, "_step": 754, "_wandb": {"runtime": 111}}