{"step": 5394, "dead_fraction/0": 0.0, "reconstruction_loss/0": 2.805971384048462, "sparsity_loss/0": 59.693214416503906, "auxiliary_loss/0": 0.0, "l1/0": 59.693214416503906, "l0/0": 706.935302734375, "dead_fraction/1": 0.0, "reconstruction_loss/1": 5.210197448730469, "sparsity_loss/1": 39.630035400390625, "auxiliary_loss/1": 0.0, "l1/1": 39.630035400390625, "l0/1": 410.943603515625, "dead_fraction/2": 0.0, "reconstruction_loss/2": 9.1700439453125, "sparsity_loss/2": 23.18968963623047, "auxiliary_loss/2": 0.0, "l1/2": 23.189687728881836, "l0/2": 188.679443359375, "dead_fraction/3": 0.0, "reconstruction_loss/3": 16.36627769470215, "sparsity_loss/3": 10.507054328918457, "auxiliary_loss/3": 0.0, "l1/3": 10.50705337524414, "l0/3": 48.833740234375, "dead_fraction/4": 0.2998046875, "reconstruction_loss/4": 24.705360412597656, "sparsity_loss/4": 5.432188510894775, "auxiliary_loss/4": 0.0, "l1/4": 5.432188510894775, "l0/4": 11.59130859375, "dead_fraction/5": 0.740234375, "reconstruction_loss/5": 37.348487854003906, "sparsity_loss/5": 1.8074647188186646, "auxiliary_loss/5": 0.0, "l1/5": 1.807464838027954, "l0/5": 2.6103515625, "dead_fraction/6": 0.833984375, "reconstruction_loss/6": 44.550785064697266, "sparsity_loss/6": 0.47297564148902893, "auxiliary_loss/6": 0.0, "l1/6": 0.47297564148902893, "l0/6": 0.708251953125, "dead_fraction/7": 0.91162109375, "reconstruction_loss/7": 48.03156661987305, "sparsity_loss/7": 0.01192645262926817, "auxiliary_loss/7": 0.0, "l1/7": 0.011926453560590744, "l0/7": 0.0263671875, "patch_loss/0": 0.039364900500475815, "patch_loss/1": 0.08161389892307543, "patch_loss/2": 0.15724232123993034, "patch_loss/3": 0.3087001071223127, "patch_loss/4": 0.5172983298467979, "patch_loss/5": 0.8108556481641572, "patch_loss/6": 0.9306701703527527, "patch_loss/7": 0.9634896472380197, "_timestamp": 1715060623.0594993, "_runtime": 559.2223362922668, "_step": 5394, "_wandb": {"runtime": 559}}