{"step": 1885, "dead_fraction/0": 0.0, "reconstruction_loss/0": 38.92460632324219, "sparsity_loss/0": 106.6048583984375, "auxiliary_loss/0": 67.44742584228516, "l1/0": 163.14889526367188, "l0/0": 447.482666015625, "dead_fraction/1": 0.0, "reconstruction_loss/1": 76.53680419921875, "sparsity_loss/1": 55.360313415527344, "auxiliary_loss/1": 118.61333465576172, "l1/1": 86.07489776611328, "l0/1": 223.969970703125, "dead_fraction/2": 0.0, "reconstruction_loss/2": 157.17959594726562, "sparsity_loss/2": 18.284574508666992, "auxiliary_loss/2": 182.68634033203125, "l1/2": 27.847389221191406, "l0/2": 77.578125, "dead_fraction/3": 0.0, "reconstruction_loss/3": 237.68653869628906, "sparsity_loss/3": 0.6595890522003174, "auxiliary_loss/3": 238.50076293945312, "l1/3": 1.0703072547912598, "l0/3": 5.265869140625, "patch_loss/0": 0.8095954441477711, "patch_loss/1": 0.8095954441477711, "patch_loss/2": 0.8095954441477711, "patch_loss/3": 0.8095954441477711, "_timestamp": 1715038448.1529143, "_runtime": 191.07402729988098, "_step": 1885, "_wandb": {"runtime": 191}}