{"step": 4229, "dead_fraction/0": 0.0, "reconstruction_loss/0": 33.80679702758789, "sparsity_loss/0": 86.63727569580078, "auxiliary_loss/0": 77.0312728881836, "l1/0": 162.00869750976562, "l0/0": 360.42919921875, "dead_fraction/1": 0.0, "reconstruction_loss/1": 73.17940521240234, "sparsity_loss/1": 37.38835906982422, "auxiliary_loss/1": 132.33499145507812, "l1/1": 65.7113037109375, "l0/1": 119.021728515625, "dead_fraction/2": 0.0, "reconstruction_loss/2": 136.74298095703125, "sparsity_loss/2": 13.948131561279297, "auxiliary_loss/2": 170.1901092529297, "l1/2": 17.951778411865234, "l0/2": 25.873046875, "dead_fraction/3": 0.02783203125, "reconstruction_loss/3": 233.3504638671875, "sparsity_loss/3": 0.970747709274292, "auxiliary_loss/3": 234.6239471435547, "l1/3": 0.8007949590682983, "l0/3": 1.234619140625, "patch_loss/0": 0.8095954441477711, "patch_loss/1": 0.8095954441477711, "patch_loss/2": 0.8095954441477711, "patch_loss/3": 0.8095954441477711, "_timestamp": 1715037991.1013699, "_runtime": 419.1017818450928, "_step": 4229, "_wandb": {"runtime": 419}}